WHF,0,1,All
0,0.5006622516556292,0.19190581309786608,0.6925680647534952
1,0.15025754231052244,0.15717439293598234,0.3074319352465048
All,0.6509197939661516,0.34908020603384843,1.0
